Nr. ;Datum;  Straße  ;  PLZ  ;  Stadt  
795;28.01.2017; Münzstr. 23 ;38644; Goslar 
334;28.06.2017; Kappenberger Damm 180 ;78582; Balgheim 
884;07.12.2017; Kirchstr. 153 ;39638; Berge 
188;11.08.2017; Rektoratsweg 197 ;83246; Unterwössen 
420;16.02.2017; Soetenkamp 134 ;67271; Kindenheim 
500;15.07.2017; Kösliner Str. 133 ;23883; Grambek 
24;24.09.2017; Kirchstr. 150 ;24623; Großenaspe 
543;18.09.2017; Am Berler Kamp 6 ;89077; Ulm 
958;22.09.2017; Offenbergstr. 175 ;67742; Herren-Sulzbach 
117;06.06.2017; Dodostr. 85 ;87679; Westendorf 
268;09.02.2017; Kerßenbrockstr. 185 ;56283; Morshausen 
752;04.05.2017; Cheruskerstr. 169 ;58089; Hagen 
148;14.03.2017; Kochwiesenstr. 142 ;72108; Ergenzingen 
116;05.04.2017; Grevener Str. 165 ;10627; Berlin 
236;03.02.2017; Am Hörsterfriedhof 94 ;51597; Morsbach 
595;22.02.2017; Düesbergweg 20 ;16761; Hennigsdorf 
835;24.07.2017; Am Krausen Baum 117 ;71063; Sindelfingen 
815;13.08.2017; Skagerrakstr. 56 ;99880; Waltershausen 
231;27.01.2017; Heisstr. 117 ;17309; Rollwitz 
526;14.01.2017; Starweg 141 ;99428; Weimar 
882;08.10.2017; Schubertstr. 125 ;77866; Rheinau 
535;15.09.2017; Marderweg 83 ;96152; Burghaslach 
545;11.03.2017; Steinfurter Str. 42 ;83224; Staudach-Egerndach 
570;16.05.2017; Geiststr. 4 ;67822; Winterborn 
846;06.09.2017; Papenbusch 94 ;67746; Merzweiler 
789;15.09.2017; Bohlweg 110 ;32257; Holsen 
130;03.04.2017; Gartenstr. 189 ;57334; Bad Laasphe 
904;03.05.2017; Kanalstr. 21 ;54533; Oberöfflingen 
961;23.02.2017; Geiststr. 128 ;48607; Ochtrup 
754;01.02.2017; Langestr. 88 ;86701; Rohrenfels 
472;17.09.2017; Agrippastr. 72 ;87538; Fischen 
246;19.06.2017; Hensenstr. 139a ;57539; Bitzen 
716;13.06.2017; Marientalstr. 92 ;94336; Hunderdorf 
659;21.07.2017; Morthorststr. 82 ;31714; Lauenhagen 
377;12.11.2017; Dahlienweg 49 ;56829; Brieden 
903;28.07.2017; Zülpicher Str. 105 ;71711; Hinterbirkenhof 
348;07.11.2017; Rückertstr. 30 ;55595; Spall 
309;30.11.2017; Overbergstr. 89 ;93142; Maxhütte-Haidhof 
170;23.01.2017; Hölkenbusch 167 ;56865; Moritzheim 
175;16.02.2017; Nauheimer Str. 185 ;24594; Tappendorf 
58;13.07.2017; Holunderweg 129 ;24534; Neumünster 
892;18.12.2017; Scheibenstr. 30 ;44263; Dortmund 
213;29.06.2017; Westenkamp 149a ;23815; Westerrade 
923;14.01.2017; Königsberger Str. 99 ;40549; Düsseldorf 
358;30.08.2017; Guntherstr. 87 ;71706; Hardthof 
490;13.02.2017; Im Stemmen 178 ;56244; Leuterod 
596;27.04.2017; Maximilianstr. 179a ;27412; Wilstedt 
283;21.01.2017; Kanalstr. 182a ;73235; Weilheim an der Teck 
873;02.09.2017; Berrischstr. 87a ;17089; Siedenbollentin 
236;04.04.2017; Max-Winkelmann-Str. 84 ;40699; Erkrath 
132;04.12.2017; Dahlienweg 8a ;78269; Volkertshausen 
348;19.10.2017; Kappenberger Damm 27 ;55442; Roth 
669;02.12.2017; Düesbergweg 196 ;34590; Wabern 
468;23.07.2017; Kurneystr. 193 ;57632; Seifen 
743;23.11.2017; Offerkämpe 129 ;57612; Birnbach 
916;06.07.2017; Dauvemühle 161 ;79194; Heuweiler 
871;25.11.2017; Unter Kahlenhausen 176 ;63863; Eschau 
875;27.11.2017; Kempener Str. 3 ;78048; Villingen-Schwenningen 
278;21.10.2017; Hölkenbusch 182 ;71706; Markgröningen 
119;26.04.2017; Avendruper Str. 178 ;66887; Bosenbach 
915;28.04.2017; Rüschhausweg 7 ;54668; Schankweiler 
812;25.04.2017; Gasselstiege 117 ;25881; Tating 
361;25.02.2017; Bünkamp 91 ;23972; Lübow 
881;08.09.2017; Ripenhorst 65 ;55595; Roxheim 
535;08.12.2017; An Lyskirchen 26 ;25579; Rade 
202;11.03.2017; Erpeler Str. 171 ;56587; Straßenhaus 
549;24.11.2017; Gartenstr. 33 ;75394; Oberreichenbach 
494;09.03.2017; Pankokstr. 63 ;86875; Waal 
121;03.04.2017; Ringelnatzstr. 92 ;63322; Rödermark 
518;14.02.2017; Skagerrakstr. 85 ;49536; Lienen 
723;26.01.2017; Christinastr. 88 ;63128; Dietzenbach 
242;30.08.2017; Westenkamp 147 ;56355; Endlichhofen 
771;02.04.2017; Enschedeweg 9 ;78256; Steißlingen 
419;18.10.2017; Starweg 189 ;37434; Rollshausen 
871;14.09.2017; Zur Gräfte 144 ;29690; Schwarmstedt 
231;25.05.2017; Am Oedingteich 173 ;67480; Edenkoben 
843;16.12.2017; Eifelstr. 23 ;80803; München 
175;08.03.2017; Kanalstr. 150 ;27367; Hassendorf 
285;11.12.2017; Am Grauen Stein 23 ;24848; Klein Rheide 
594;22.07.2017; Wiedehagen 104 ;89601; Schelklingen 
68;18.08.2017; Von-Holte-Str. 39 ;39599; Insel 
873;06.12.2017; Simon-Meister-Str. 200a ;23564; Lübeck 
719;24.09.2017; Schubertstr. 32 ;68519; Viernheim 
79;02.03.2017; Gildenstr. 119 ;97503; Gädheim 
940;11.05.2017; An Lyskirchen 151 ;57629; Norken 
473;24.08.2017; Steinkamp 119 ;26427; Stedesdorf 
85;03.06.2017; Templerweg 134 ;25767; Albersdorf 
31;15.04.2017; Sanddornweg 186 ;91448; Emskirchen 
450;06.02.2017; Rincklakeweg 72 ;85254; Sulzemoos 
721;11.07.2017; Sanddornweg 108 ;76889; Barbelroth 
568;28.02.2017; Kreuzstr. 178 ;89344; Aislingen 
71;20.07.2017; Steinfurter Str. 59 ;55578; Vendersheim 
45;25.04.2017; Rottkamp 143 ;56220; Kaltenengers 
257;20.06.2017; Weißenburgstr. 45 ;12159; Berlin 
154;07.01.2017; Telemannstr. 162 ;67304; Kerzenheim 
682;21.03.2017; Studtstr. 52 ;67816; Dreisen 
260;09.09.2017; Dauvemühle 120a ;34117; Kassel 
795;21.05.2017; An Lyskirchen 87 ;16278; Angermünde 
446;11.05.2017; Kreuzstr. 2 ;54597; Balesfeld 
493;26.08.2017; Innsbruckweg 186 ;97270; Kist 
587;28.01.2017; Teutonenstr. 132 ;54673; Bauler 
211;21.02.2017; Dorbaumstr. 147a ;25566; Rethwisch 
620;16.10.2017; Am Burloh 145a ;7387; Lausnitz 
907;01.05.2017; Ulmenweg 10 ;39638; Jeseritz 
506;07.05.2017; Goebenstr. 86 ;94032; Passau 
136;11.10.2017; Erikahof 71 ;26849; Filsum 
298;01.01.2018; Gottesweg 183a ;6528; Emseloh 
243;05.02.2017; Westenkamp 71 ;52445; Titz 
636;05.03.2017; Meesenstiege 99 ;24329; Grebin 
516;01.07.2017; Heinrichstr. 181 ;87640; Biessenhofen 
860;10.04.2017; Angelmodder Weg 57 ;54340; Riol 
629;08.02.2017; Arnheimweg 60 ;24253; Passade 
127;11.10.2017; Liboristr. 5 ;24794; Borgstedt 
373;30.03.2017; Telgenweg 34 ;56841; Traben-Trarbach 
958;12.05.2017; Holunderweg 173 ;94152; Neuhaus am Inn 
585;09.04.2017; Olpener Str. 112 ;25875; Schobüll 
938;11.04.2017; Försterstr. 166 ;89611; Rechtenstein 
922;04.09.2017; Steinfurter Str. 189 ;52396; Heimbach 
927;21.06.2017; Röttgensweg 10 ;6507; Timmenrode 
984;26.02.2017; Kurze Str. 176a ;73486; Adelmannsfelden 
991;28.08.2017; Rinkerodeweg 142 ;82347; Bernried 
356;06.02.2017; Berrischstr. 37 ;35745; Herborn 
892;26.08.2017; Kanalstr. 123 ;54316; Holzerath 
77;27.02.2017; Rosenplatz 102 ;4155; Leipzig 
208;25.11.2017; Mierendorffstr. 155 ;95197; Schauenstein 
171;28.03.2017; Starweg 142 ;82467; Garmisch-Partenkirchen 
672;18.09.2017; Kochwiesenstr. 186 ;89568; Hermaringen 
338;24.03.2017; Wollinstr. 29 ;54673; Zweifelscheid 
80;03.11.2017; Bielefelder Str. 48a ;56598; Hammerstein 
647;11.08.2017; Elsa-Brändström-Weg 52 ;93093; Donaustauf 
986;05.05.2017; Möserweg 10 ;35305; Grünberg 
626;15.06.2017; An Lyskirchen 160 ;26579; Baltrum 
222;24.04.2017; Böttcherstr. 103 ;52538; Gangelt 
21;08.01.2017; Eulenbergstr. 140 ;97292; Uettingen 
987;23.02.2017; Idenbrockplatz 118 ;13053; Lichtenberg 
73;07.04.2017; Zur Wiese 172 ;55471; Biebern 
584;07.05.2017; Hülsebrockstr. 15 ;17089; Burow 
741;26.11.2017; Innsbruckweg 96 ;45145; Essen 
71;24.10.2017; Breul 123 ;56412; Nomborn 
950;16.02.2017; Breul 111 ;57627; Heuzert 
958;06.11.2017; Nieland 92 ;91747; Westheim 
894;14.06.2017; Rennbahnstr. 33 ;24939; Flensburg 
816;05.04.2017; Ostmarkstr. 12 ;72770; Gönningen 
380;14.09.2017; Försterstr. 176 ;29227; Celle 
452;23.12.2017; Landoisstr. 42 ;31188; Holle 
445;02.12.2017; Am Wigbold 56a ;76835; Rhodt unter Rietburg 
175;14.08.2017; Rinscheweg 186 ;26937; Stadland 
514;02.10.2017; Avendruper Str. 130a ;27232; Sulingen 
330;04.11.2017; Paul-Engelhard-Weg 77 ;94107; Untergriesbach 
771;19.11.2017; Hofstr. 141 ;91286; Obertrubach 
545;30.03.2017; Am Burloh 13 ;56349; Kaub 
348;23.12.2017; Hofstr. 60 ;78583; Böttingen 
810;27.04.2017; Ölbergstr. 4a ;48493; Wettringen 
103;10.12.2017; Dodostr. 96 ;90473; Nürnberg 
687;12.05.2017; Dauvemühle 6 ;24816; Brinjahe 
319;27.11.2017; Norbertstr. 48 ;4178; Leipzig 
998;04.11.2017; Weserstr. 128 ;53498; Waldorf 
460;30.03.2017; Wollinstr. 155 ;86637; Zusamaltheim 
240;01.09.2017; Rohrkampstr. 86 ;64347; Griesheim 
223;05.12.2017; Steinfurter Str. 169 ;54316; Franzenheim 
638;12.01.2017; Rinscheweg 105 ;82256; Fürstenfeldbruck 
698;24.03.2017; Florentine-Eichler-Str. 88 ;25337; Elmshorn 
261;11.06.2017; Weißenburgstr. 189 ;91605; Gallmersgarten 
537;23.09.2017; Kanalstr. 121 ;57539; Roth 
768;08.09.2017; Werkstattstr. 170 ;72138; Kirchentellinsfurt 
754;07.12.2017; Im Sonnentau 171 ;31785; Hameln 
569;28.06.2017; Goebenstr. 34 ;67744; Kappeln 
911;12.12.2017; Herdingstr. 53 ;29355; Beedenbostel 
352;03.08.2017; Soetenkamp 144 ;57520; Friedewald 
140;02.04.2017; Angelstr. 187 ;24980; Hörup 
806;20.04.2017; Am Getterbach 185a ;8527; Plauen 
24;10.01.2017; Hirseweg 112 ;66894; Bechhofen 
489;01.01.2018; Altenhofer Weg 81 ;24220; Techelsdorf 
378;17.01.2017; Hofstr. 1 ;96149; Breitengüßbach 
873;13.12.2017; Gildenstr. 123 ;86732; Oettingen 
69;09.09.2017; Angelmodder Weg 64 ;59227; Ahlen 
322;18.10.2017; Guntherstr. 146 ;25792; Neuenkirchen 
936;15.07.2017; Zum Burgschemm 113 ;64589; Stockstadt am Rhein 
916;23.07.2017; Gasselstiege 37 ;10967; Berlin 
769;06.09.2017; Rennbahnstr. 20 ;94239; Gotteszell 
552;14.05.2017; Am Getterbach 93 ;83708; Kreuth 
723;25.01.2017; Hirseweg 179 ;35394; Gießen 
674;18.04.2017; Merheimer Str. 71 ;21483; Juliusburg 
77;22.08.2017; Kurze Str. 154 ;45326; Essen 
755;22.02.2017; Hensenstr. 108 ;97348; Markt Einersheim 
506;03.03.2017; Hülsebrockstr. 4 ;86489; Deisenhausen 
54;30.01.2017; Hahnenstr. 16 ;24253; Fahren 
541;30.01.2017; Am Pulverschuppen 26 ;26935; Stadland 
964;31.07.2017; Im Haubenfeld 38 ;65203; Wiesbaden 
232;16.09.2017; Rüschhausweg 39 ;49586; Merzen 
14;27.11.2017; Landoisstr. 128 ;54612; Lasel 
639;14.12.2017; Soetenkamp 115 ;86825; Bad Wörishofen 
444;12.09.2017; Gottesweg 6 ;82287; Jesenwang 
769;01.01.2018; Meinertzstr. 113 ;99869; Ebenheim 
610;08.03.2017; Mindener Str. 76 ;66484; Dietrichingen 
640;25.10.2017; Weseler Str. 28 ;78567; Fridingen an der Donau 
884;30.06.2017; Rosenplatz 136 ;34439; Willebadessen 
365;24.04.2017; Heinrichstr. 75 ;63801; Kleinostheim 
464;29.04.2017; Klinkkampweg 19 ;29481; Karwitz 
501;01.05.2017; Westenkamp 140 ;80807; München 
271;28.05.2017; Neusser Str. 70 ;94264; Langdorf 
632;04.06.2017; Telemannstr. 50 ;73252; Lenningen 
390;21.11.2017; Overbergstr. 98 ;25704; Wolmersdorf 
418;06.11.2017; Telemannstr. 94 ;72293; Glatten 
755;11.07.2017; Sentmaringer Weg 136 ;56357; Himmighofen 
199;18.09.2017; Merheimer Str. 21 ;24649; Wiemersdorf 
38;21.11.2017; Zum Guten Hirten 138 ;49356; Diepholz 
306;26.08.2017; Wiedehagen 146a ;37308; Geisleden 
51;14.10.2017; Dachsleite 1 ;26607; Aurich 
301;03.03.2017; Bielefelder Str. 173 ;9496; Pobershau 
654;07.06.2017; Morthorststr. 31 ;21521; Dassendorf 
602;24.08.2017; Rinscheweg 89 ;79365; Rheinhausen 
38;15.06.2017; Widdeshover Weg 82 ;86987; Schwabsoien 
724;21.12.2017; Marktstr. 119 ;23684; Scharbeutz 
495;26.06.2017; Johanniterstr. 121 ;57629; Kirburg 
733;18.09.2017; Marsweg 170 ;91301; Forchheim 
290;29.10.2017; Mecklenbecker Str. 59 ;56761; Düngenheim 
380;30.08.2017; Dahlienweg 75 ;59929; Brilon 
583;08.01.2017; Olpener Str. 80 ;54552; Brockscheid 
257;06.04.2017; Am Ziegelofen 161 ;73540; Heubach 
143;31.01.2017; Liboristr. 53 ;79695; Wieden 
724;05.05.2017; Zur Gräfte 75 ;23843; Bad Oldesloe 
282;10.12.2017; Kurze Str. 153a ;51377; Leverkusen 
322;14.05.2017; Zülpicher Str. 60 ;99974; Mühlhausen 
985;27.03.2017; Langestr. 31 ;21379; Scharnebeck 
138;06.03.2017; Am Krausen Baum 45 ;54636; Feilsdorf 
243;04.01.2017; Am Brook 80 ;96194; Walsdorf 
19;06.12.2017; Försterstr. 96 ;29462; Wustrow 
626;22.08.2017; Ostmarkstr. 110 ;23898; Klinkrade 
159;16.06.2017; Neißestr. 124 ;24211; Kühren 
102;08.10.2017; Osthuesheide 159 ;54340; Bekond 
931;16.10.2017; Zur Wiese 158 ;23717; Kasseedorf 
120;15.04.2017; Kröver Str. 42 ;24326; Dersau 
802;10.05.2017; Bohlweg 115 ;22145; Stapelfeld 
930;18.05.2017; Rinkerodeweg 15 ;83623; Dietramszell 
423;13.02.2017; Marientalstr. 45 ;85139; Wettstetten 
254;29.07.2017; Innsbruckweg 51 ;78607; Talheim 
802;04.01.2017; Gottesweg 46 ;53945; Blankenheim 
740;06.07.2017; Lammerbach 175 ;73489; Jagstzell 
116;29.08.2017; Widdeshover Weg 52 ;87477; Sulzberg 
496;31.05.2017; Möserweg 84 ;79877; Friedenweiler 
362;03.02.2017; Elsa-Brändström-Weg 36 ;32469; Wasserstraße 
181;17.12.2017; Unter Kahlenhausen 175 ;85368; Wang 
786;15.06.2017; Nerzweg 54 ;9120; Chemnitz 
164;01.07.2017; Overbergstr. 165a ;17166; Schorssow 
198;11.04.2017; Im Draum 37 ;70376; Stuttgart 
535;28.01.2017; Josef-Suwelack-Weg 121 ;29358; Eicklingen 
657;20.03.2017; Josef-Suwelack-Weg 98 ;53520; Insul 
935;30.10.2017; Mindener Str. 44 ;84177; Gottfrieding 
515;22.07.2017; Ostlandstr. 163 ;66763; Dillingen 
805;28.08.2017; Sentmaringer Weg 189 ;55606; Heinzenberg 
590;03.04.2017; Mondstr. 113 ;50129; Bergheim 
846;09.11.2017; Hindenburgplatz 128 ;55765; Oberhambach 
888;07.11.2017; Am Ziegelofen 136 ;72369; Zimmern unter der Burg 
248;28.12.2017; Düsseldorfer Str. 28 ;91235; Hartenstein 
623;06.06.2017; Königsberger Str. 197 ;31683; Obernkirchen 
850;27.10.2017; Am Blütenhain 193 ;55767; Rötsweiler-Nockenthal 
195;13.09.2017; Offerkämpe 61 ;54492; Erden 
310;06.09.2017; Hofstr. 122 ;85737; Ismaning 
859;28.04.2017; Kirchstr. 77 ;89597; Unterwachingen 
357;28.09.2017; Offerkämpe 45 ;28325; Bremen 
545;06.06.2017; Norbertstr. 129 ;66903; Frohnhofen 
171;30.01.2017; Kröver Str. 112 ;72644; Oberboihingen 
145;05.12.2017; Rincklakeweg 189 ;3052; Cottbus 
317;07.01.2017; Immelmannstr. 55 ;24361; Klein Wittensee 
523;05.04.2017; Zülpicher Str. 87 ;6849; Dessau 
243;01.05.2017; Augustastr. 37 ;67742; Deimberg 
943;09.07.2017; Hofstr. 160 ;6556; Heygendorf 
173;09.06.2017; Heisstr. 104 ;82549; Königsdorf 
375;09.07.2017; Am Blütenhain 61 ;66787; Wadgassen 
667;20.11.2017; Angelmodder Weg 50 ;25364; Osterhorn 
271;07.12.2017; Merheimer Str. 121 ;55758; Oberreidenbach 
366;21.07.2017; Innsbruckweg 181 ;25782; Süderdorf 
577;20.08.2017; Kochwiesenstr. 184 ;98678; Sachsenbrunn 
847;03.02.2017; Am Blütenhain 182 ;17498; Dersekow 
834;14.07.2017; Dreizehnerstr. 191 ;83112; Frasdorf 
535;01.05.2017; Christinastr. 58 ;65203; Wiesbaden 
894;05.08.2017; Dahlienweg 12 ;21357; Bardowick 
383;25.10.2017; Catharina-Müller-Str. 13 ;25917; Leck 
487;29.09.2017; Meckmannweg 22 ;21465; Reinbek 
706;18.10.2017; Widdeshover Weg 18 ;25764; Wesselburen 
517;09.11.2017; Handorfer Str. 111 ;51598; Friesenhagen 
632;24.12.2017; Manfred-von-Richthofen-Str. 22 ;18528; Rappin 
749;15.10.2017; Carossastr. 106 ;19079; Banzkow 
728;05.07.2017; Norbertstr. 173 ;86554; Pöttmes 
963;01.03.2017; Raesfeldstr. 72 ;40211; Düsseldorf 
344;20.01.2017; Werseblick 23 ;29574; Ebstorf 
98;15.09.2017; Friedrich-Ebert-Str. 132 ;32289; Rödinghausen 
614;01.09.2017; Mondstr. 129 ;29472; Damnatz 
963;06.03.2017; Westenkamp 76 ;48249; Buldern 
465;21.03.2017; Rottkamp 131 ;26427; Holtgast 
483;28.07.2017; Enschedeweg 104 ;55296; Gau-Bischofsheim 
728;15.02.2017; Telemannstr. 41a ;88353; Kißlegg 
421;11.06.2017; Dorotheenstr. 48 ;7546; Gera 
438;25.09.2017; Fresnostr. 19 ;65558; Lohrheim 
68;21.02.2017; Gottesweg 173 ;18276; Glasewitz 
708;21.11.2017; Johanniterstr. 187 ;25597; Kronsmoor 
144;09.12.2017; Erpeler Str. 110 ;84574; Taufkirchen 
154;06.10.2017; Magdalenenstr. 165a ;19406; Mustin 
150;23.08.2017; Am Blütenhain 105 ;26529; Rechtsupweg 
375;05.05.2017; Simon-Meister-Str. 112 ;25482; Appen 
959;16.06.2017; Am Krausen Baum 51 ;89617; Untermarchtal 
475;05.10.2017; Am Römerhof 148 ;3149; Groß Schacksdorf-Simmersdorf 
267;14.06.2017; Maximilianstr. 90 ;17309; Brietzig 
790;04.09.2017; Am Pulverschuppen 189 ;25821; Reußenköge 
217;19.01.2017; Kurze Str. 187 ;3205; Calau 
258;14.03.2017; Am Getterbach 82 ;84101; Obersüßbach 
750;23.04.2017; Schubertstr. 47 ;47137; Duisburg 
157;25.02.2017; Am Hörsterfriedhof 107 ;33689; Bielefeld 
673;19.05.2017; Offerkämpe 150 ;24250; Löptin 
354;26.10.2017; Olpener Str. 35 ;1069; Dresden 
212;27.11.2017; Mierendorffstr. 68 ;8428; Langenbernsdorf 
533;29.12.2017; Nerzweg 85 ;21762; Osterbruch 
96;16.03.2017; Holunderweg 79 ;84576; Teising 
576;14.02.2017; Zülpicher Str. 148 ;42853; Remscheid 
424;17.02.2017; Steinkamp 167 ;67317; Altleiningen 
390;24.12.2017; Breslauer Str. 127 ;31174; Schellerten 
560;28.07.2017; Vorgebirgstr. 121 ;24376; Grödersby 
509;17.05.2017; Pankokstr. 194 ;17087; Altentreptow 
846;14.06.2017; Mondstr. 191 ;57629; Malberg 
307;16.01.2017; Rincklakeweg 49 ;24321; Rantzau 
823;27.08.2017; Ossenkampstiege 200 ;16775; Sonnenberg 
998;20.08.2017; Zur Wiese 133 ;24589; Nortorf 
726;29.05.2017; Angelmodder Weg 150 ;57612; Heupelzen 
460;15.05.2017; Weißenburgstr. 62 ;8459; Neukirchen 
897;13.08.2017; Simon-Meister-Str. 69 ;38300; Wolfenbüttel 
105;26.01.2017; Friesenring 166 ;6528; Lengefeld 
385;16.09.2017; Kösliner Str. 38 ;86495; Eurasburg 
863;10.12.2017; Zum Guten Hirten 83 ;56357; Pohl 
843;30.06.2017; Düsseldorfer Str. 110 ;25782; Welmbüttel 
570;25.09.2017; Wollinstr. 84 ;79356; Eichstetten am Kaiserstuhl 
129;02.04.2017; Piusallee 146 ;25938; Dunsum 
696;10.05.2017; Oberschlesier Str. 169 ;31868; Ottenstein 
296;16.11.2017; Rinscheweg 116 ;91564; Neuendettelsau 
933;28.02.2017; Dammstr. 189 ;86420; Diedorf 
823;01.08.2017; Magdalenenstr. 29 ;82256; Fürstenfeldbruck 
386;28.09.2017; Tondernstr. 157 ;25572; Kudensee 
250;27.06.2017; Janningsweg 59 ;24888; Loit 
525;05.06.2017; Königsberger Str. 104 ;91735; Muhr am See 
10;02.03.2017; Raesfeldstr. 25 ;82541; Münsing 
155;14.09.2017; Düsseldorfer Str. 21 ;25927; Aventoft 
902;15.04.2017; Dodostr. 2 ;56237; Caan 
564;30.11.2017; Nerzweg 35 ;55578; Sankt Johann 
506;16.02.2017; Hahnenstr. 166 ;25856; Hattstedt 
670;01.06.2017; Langestr. 42 ;42657; Solingen 
66;06.05.2017; Hacklenburg 126a ;95493; Bischofsgrün 
851;10.02.2017; Offenbergstr. 49 ;47447; Moers 
853;16.02.2017; Enschedeweg 63 ;49549; Ladbergen 
900;23.02.2017; Böttcherstr. 58 ;31633; Leese 
786;11.09.2017; Oscar-Wilde-Str. 194 ;37649; Heinsen 
634;06.04.2017; Hillscheider Weg 198 ;14169; Dahlem 
920;27.11.2017; Ulmenweg 100 ;82131; Gauting 
534;18.03.2017; An Lyskirchen 35 ;27570; Bremerhaven 
989;16.10.2017; Eulenbergstr. 92 ;54552; Hörscheid 
779;26.01.2017; Morthorststr. 81 ;91746; Weidenbach 
499;06.08.2017; Breul 7 ;40237; Düsseldorf 
710;30.09.2017; Herdingstr. 8 ;56856; Zell 
170;29.09.2017; Carossastr. 80 ;54578; Oberehe-Stroheich 
190;18.09.2017; Nauheimer Str. 56 ;31093; Hoyershausen 
411;09.02.2017; Sentmaringer Weg 28 ;21394; Kirchgellersen 
63;29.05.2017; Soester Str. 62 ;85134; Stammham 
737;26.12.2017; Äußere Kanalstr. 115 ;35689; Dillenburg 
607;04.12.2017; Offerkämpe 187 ;92507; Nabburg 
815;03.05.2017; Gleueler Str. 161 ;16540; Hohen Neuendorf 
999;05.01.2017; Mariendorfer Str. 111 ;37574; Einbeck 
791;19.11.2017; Eifelstr. 5 ;24980; Schafflund 
190;21.09.2017; Am Berler Kamp 134 ;3222; Ragow 
992;07.03.2017; Olpener Str. 98 ;54518; Rivenich 
934;28.08.2017; Heinrichstr. 26a ;24941; Flensburg 
674;27.01.2017; Erpeler Str. 190 ;29475; Gorleben 
64;17.01.2017; Holunderweg 42 ;74072; Heilbronn 
983;07.12.2017; Im Sonnentau 160 ;55576; Welgesheim 
467;12.10.2017; Ulmenweg 111 ;24944; Flensburg 
814;13.08.2017; Friedrichstr. 188 ;92549; Stadlern 
824;17.04.2017; Tondernstr. 125 ;54524; Klausen 
329;27.10.2017; Tondernstr. 14 ;85122; Hitzhofen 
909;18.04.2017; Am Nubbenberg 133 ;72766; Reutlingen 
644;07.08.2017; Försterstr. 111 ;91463; Dietersheim 
215;13.11.2017; Johanniterstr. 28 ;56357; Rettershain 
39;19.01.2017; Drachterstr. 179 ;78073; Bad Dürrheim 
949;19.10.2017; Bernhard-Poether-Str. 64 ;92339; Beilngries 
802;22.08.2017; Von-der-Tinnen-Str. 117 ;94547; Iggensbach 
355;12.07.2017; Münzstr. 138 ;25876; Süderhöft 
91;23.12.2017; Agrippastr. 196 ;67744; Hoppstädten 
449;13.04.2017; Rincklakeweg 144 ;21259; Otter 
84;14.09.2017; Neusser Str. 200 ;66822; Lebach 
722;16.08.2017; Dodostr. 161 ;54487; Wintrich 
912;08.06.2017; Dorbaumstr. 14 ;86643; Rennertshofen 
497;20.05.2017; Max-Winkelmann-Str. 197 ;24894; Twedt 
468;18.12.2017; Neusser Str. 126 ;94110; Wegscheid 
186;13.05.2017; Jakobusstr. 50 ;88377; Riedhausen 
336;10.05.2017; Möserweg 6 ;55595; Weinsheim 
262;25.02.2017; Pötterhoek 73 ;44339; Dortmund 
851;09.06.2017; An den Weiden 94 ;55596; Schloßböckelheim 
894;11.12.2017; Böttcherstr. 133 ;89423; Gundelfingen an der Donau 
700;21.04.2017; Hirseweg 125 ;27729; Holste 
101;08.07.2017; Tondernstr. 93 ;54426; Naurath 
4;02.05.2017; Am Filk 16 ;46354; Südlohn 
281;16.02.2017; Lassallestr. 168 ;19230; Hoort 
542;29.07.2017; Görlitzer Str. 95 ;53797; Lohmar 
274;19.04.2017; Sentmaringer Weg 70 ;29413; Tylsen 
784;25.06.2017; Gescherweg 173 ;88142; Wasserburg 
260;20.03.2017; Telgenweg 121 ;21521; Aumühle 
872;10.03.2017; Königsberger Str. 79 ;56291; Leiningen 
879;24.02.2017; Zur Wiese 149 ;30167; Hannover 
340;20.06.2017; Piusallee 48 ;71088; Holzgerlingen 
500;10.01.2017; Kleiner Griechenmarkt 81 ;68799; Reilingen 
825;09.09.2017; Erikahof 10 ;38312; Dorstadt 
33;20.06.2017; Dorotheenstr. 20 ;45134; Essen 
466;07.10.2017; Nerzweg 132 ;77781; Biberach 
931;24.06.2017; Maximilianstr. 42 ;6667; Uichteritz 
473;08.12.2017; Von-der-Tinnen-Str. 198 ;70190; Stuttgart 
34;03.02.2017; Innsbruckweg 196 ;19053; Schwerin 
750;24.12.2017; Dorotheenstr. 187 ;9518; Großrückerswalde 
199;30.06.2017; Kempener Str. 17 ;56220; Kaltenengers 
618;25.09.2017; Försterstr. 21 ;55599; Stein-Bockenheim 
419;09.11.2017; Rückertstr. 129 ;24211; Preetz 
649;06.06.2017; Offenbergstr. 61 ;23911; Kittlitz 
422;16.09.2017; Elsa-Brändström-Weg 57 ;97490; Poppenhausen 
846;26.10.2017; Neißestr. 160 ;50672; Köln 
75;09.12.2017; Speestr. - 162 ;54597; Olzheim 
916;20.03.2017; Gasselstiege 140 ;98527; Suhl 
375;20.08.2017; Schmittingheide 167 ;79539; Lörrach 
436;02.03.2017; Mondstr. 137 ;45772; Marl 
0;08.11.2017; Dreizehnerstr. 84 ;56244; Vielbach 
981;28.05.2017; Rektoratsweg 19 ;23883; Grambek 
407;14.05.2017; Dahlweg 107 ;37235; Hessisch Lichtenau 
194;16.08.2017; Westenkamp 95 ;21335; Lüneburg 
533;27.08.2017; Magdalenenstr. 188a ;70184; Stuttgart 
343;14.08.2017; Merheimer Str. 12 ;52066; Aachen 
800;23.08.2017; Guntherstr. 182a ;49824; Ringe 
186;05.01.2017; Goebenstr. 46 ;93104; Sünching 
753;05.10.2017; Steinkamp 105 ;21395; Tespe 
308;31.07.2017; Frauenstr. 45 ;31141; Hildesheim 
365;26.05.2017; Hölkenbusch 169 ;49525; Lengerich 
766;25.02.2017; Mersmannsstiege 142 ;7907; Pörmitz 
208;25.10.2017; Wörthstr. 157 ;54649; Lauperath 
79;30.05.2017; Am Römerhof 159 ;55743; Fischbach 
822;27.06.2017; Starweg 121 ;87471; Durach 
547;10.07.2017; Nauheimer Str. 59 ;67319; Wattenheim 
594;23.11.2017; Eifelstr. 175a ;39291; Küsel 
838;04.04.2017; Am Oedingteich 55 ;86489; Deisenhausen 
463;03.02.2017; Dammstr. 193 ;24975; Ausacker 
563;20.04.2017; Steinkamp 48 ;54570; Kalenborn-Scheuern 
361;19.06.2017; Sophienstr. 166a ;82297; Steindorf 
576;19.02.2017; Im Draum 195 ;94491; Hengersberg 
515;15.06.2017; Rennbahnstr. 114 ;82387; Antdorf 
165;23.11.2017; Wörthstr. 151 ;82399; Raisting 
515;07.02.2017; Elsa-Brändström-Weg 119 ;53129; Bonn 
110;01.05.2017; Norbertstr. 165 ;26892; Heede 
383;29.12.2017; Hansaring 118 ;66887; Bosenbach 
611;12.11.2017; Hirseweg 106 ;21769; Lamstedt 
952;06.11.2017; Im Draum 82 ;66500; Mauschbach 
902;04.10.2017; Bielefelder Str. 35 ;54646; Wettlingen 
178;13.04.2017; Bernhard-Poether-Str. 154 ;56814; Greimersburg 
708;28.10.2017; Äußere Kanalstr. 142 ;36100; Petersberg 
789;19.04.2017; Lammerbach 99 ;67271; Neuleiningen 
752;06.05.2017; Schmittingheide 168a ;33619; Bielefeld 
598;08.03.2017; Klinkkampweg 10a ;56593; Horhausen 
355;16.04.2017; Franz-Peter-Kürten-Weg 24 ;24220; Techelsdorf 
566;21.05.2017; Friedrich-Ebert-Str. 89 ;55776; Ruschberg 
393;01.04.2017; Am Hörsterfriedhof 64 ;46286; Deuten 
682;01.11.2017; Weserstr. 117 ;55483; Krummenau 
692;19.05.2017; Am Krausen Baum 177 ;45772; Marl 
871;21.08.2017; Kempener Str. 191 ;97511; Lülsfeld 
71;21.02.2017; Von-der-Tinnen-Str. 11 ;10589; Berlin 
82;10.07.2017; Scheibenstr. 146 ;38173; Veltheim 
919;05.06.2017; Innsbruckweg 101 ;25485; Langeln 
983;23.01.2017; Kirchstr. 39 ;48739; Legden 
875;24.04.2017; Norbertstr. 171 ;27327; Martfeld 
868;02.08.2017; Cheruskerstr. 146 ;3205; Missen 
375;08.08.2017; Widdeshover Weg 82 ;63517; Rodenbach 
665;03.06.2017; Eibenweg 127 ;56412; Welschneudorf 
886;11.02.2017; Am Ziegelofen 130 ;56288; Korweiler 
951;11.03.2017; Meckmannweg 73 ;32832; Augustdorf 
353;20.12.2017; Hacklenburg 166 ;26919; Brake 
127;21.06.2017; Kröver Str. 168 ;26899; Rhede 
591;16.09.2017; Offerkämpe 157 ;25764; Süderdeich 
49;10.09.2017; Havichhorster Mühle 7 ;97486; Königsberg 
321;16.12.2017; Gleueler Str. 199 ;53505; Kalenborn 
859;09.05.2017; Baumberger Str. 82 ;78594; Gunningen 
99;14.09.2017; Goebenstr. 114 ;54570; Weidenbach 
580;07.01.2017; Breslauer Str. 79 ;84513; Töging am Inn 
931;05.12.2017; Marktstr. 48 ;30989; Gehrden 
840;20.07.2017; Am Blütenhain 58 ;88699; Frickingen 
626;30.10.2017; Schützenstr. 145 ;73312; Geislingen an der Steige 
271;02.12.2017; Stettiner Str. 8 ;54675; Körperich 
718;14.10.2017; Catharina-Müller-Str. 9 ;25597; Westermoor 
272;27.11.2017; Kappenberger Damm 113 ;65189; Wiesbaden 
648;07.08.2017; Von-der-Tinnen-Str. 174 ;61239; Ober-Mörlen 
498;28.05.2017; Rottkamp 73 ;50677; Köln 
372;30.08.2017; Mariendorfer Str. 34 ;25938; Utersum 
671;20.12.2017; Möserweg 118a ;57539; Roth 
979;21.07.2017; Paul-Engelhard-Weg 7 ;23898; Duvensee 
751;08.10.2017; Oberschlesier Str. 111 ;54636; Dahlem 
221;19.08.2017; Zur Wiese 158 ;67822; Niederhausen an der Appel 
83;20.04.2017; Piusallee 4 ;53819; Neunkirchen-Seelscheid 
960;15.01.2017; Am Oedingteich 83 ;17498; Levenhagen 
582;23.02.2017; Weseler Str. 144 ;25923; Ellhöft 
232;13.05.2017; Gasselstiege 8 ;85247; Schwabhausen 
194;18.07.2017; Methweg 130 ;24644; Loop 
523;28.11.2017; Westenkamp 179 ;84174; Eching 
498;30.06.2017; Tondernstr. 45 ;94107; Untergriesbach 
837;28.05.2017; Dorotheenstr. 74 ;76133; Karlsruhe 
336;08.11.2017; Kreuzstr. 194 ;99718; Greußen 
381;18.04.2017; Gescherweg 56 ;6237; Spergau 
304;30.06.2017; Gasselstiege 79 ;86748; Marktoffingen 
334;16.02.2017; Wollinstr. 23 ;76872; Winden 
59;07.07.2017; Marktstr. 93 ;60308; Frankfurt am Main 
784;04.10.2017; Pötterhoek 70 ;84100; Niederaichbach 
256;11.01.2017; Am Krausen Baum 122 ;9599; Freiberg 
381;06.05.2017; Piusstr. 102 ;76337; Waldbronn 
643;27.08.2017; Wormser Str. 105 ;38376; Süpplingenburg 
321;22.12.2017; Ölbergstr. 177 ;27404; Seedorf 
101;23.02.2017; Försterstr. 42 ;82401; Rottenbuch 
513;27.08.2017; Hensenstr. 12 ;76761; Rülzheim 
578;07.12.2017; Am Ziegelofen 2 ;21335; Lüneburg 
191;30.06.2017; Rüschhausweg 188 ;86879; Wiedergeltingen 
119;03.03.2017; Südstr. 70 ;74211; Leingarten 
537;31.12.2017; Angelstr. 70 ;92714; Pleystein 
881;17.08.2017; An den Weiden 94 ;91474; Langenfeld 
148;07.04.2017; Langeworth 187 ;25594; Vaalermoor 
786;06.08.2017; Zülpicher Str. 172 ;54518; Esch 
329;11.09.2017; Sporckweg 137 ;17192; Groß Dratow 
314;05.06.2017; Nauheimer Str. 72 ;39110; Magdeburg 
731;09.05.2017; Kösliner Str. 24 ;58089; Hagen 
871;25.07.2017; Magdalenenstr. 15 ;64569; Nauheim 
130;30.10.2017; Im Haubenfeld 33 ;91334; Hemhofen 
210;21.07.2017; Janningsweg 70 ;73340; Amstetten 
862;25.08.2017; Rinkerodeweg 160 ;93077; Bad Abbach 
857;21.01.2017; Eibenweg 64 ;79110; Freiburg 
930;08.10.2017; Liboristr. 77 ;49401; Damme 
206;17.10.2017; Dachsleite 151 ;82441; Ohlstadt 
925;16.09.2017; Arnheimweg 7 ;70469; Stuttgart 
799;15.10.2017; Stolbergstr. 65 ;56459; Ailertchen 
916;21.05.2017; Zum Burgschemm 114 ;67685; Schwedelbach 
677;07.10.2017; Gustav-Tweer-Weg 115 ;72213; Altensteig 
898;19.06.2017; Hoove 130 ;57632; Peterslahr 
123;18.03.2017; Immelmannstr. 3 ;72074; Tübingen 
318;09.10.2017; Kröver Str. 93 ;49448; Stemshorn 
931;25.01.2017; Dingbängerweg 184 ;12351; Buckow 
246;26.12.2017; Bohlweg 111 ;66919; Schauerberg 
575;07.07.2017; Papenbusch 115 ;54441; Mannebach 
650;06.08.2017; Kapellenstr. 31 ;66887; Rutsweiler am Glan 
481;24.10.2017; Hölkenbusch 110 ;10997; Berlin 
676;06.09.2017; Salzmannstr. 72 ;52385; Nideggen 
551;27.03.2017; Münzstr. 185 ;27324; Gandesbergen 
297;28.03.2017; Meinertzstr. 89 ;21640; Horneburg 
241;27.09.2017; Deutz-Kalker Str. 88 ;56867; Briedel 
495;02.06.2017; Ripenhorst 113 ;27333; Schweringen 
432;07.10.2017; Arnheimweg 135 ;56736; Kottenheim 
738;06.09.2017; Kriegerweg 109 ;74405; Gaildorf 
187;12.03.2017; Bielefelder Str. 55 ;67753; Einöllen 
642;29.12.2017; Kösliner Str. 19 ;56814; Bremm 
244;26.02.2017; Buldernweg 81 ;96237; Ebersdorf 
724;04.02.2017; Schiffahrter Damm 138 ;63607; Wächtersbach 
727;13.02.2017; Hansaring 11 ;54317; Gusterath 
548;22.06.2017; Zur Gräfte 27 ;45327; Essen 
178;01.02.2017; Rüschhausweg 147 ;89437; Haunsheim 
253;04.12.2017; Max-Winkelmann-Str. 41 ;82069; Schäftlarn 
945;13.08.2017; Dorotheenstr. 47 ;24644; Loop 
587;14.07.2017; Münsterstr. 189 ;61273; Wehrheim 
880;21.10.2017; Dreizehnerstr. 69 ;70736; Fellbach 
107;08.03.2017; Königsberger Str. 194 ;56843; Irmenach 
427;31.01.2017; Magdalenenstr. 188 ;59969; Bromskirchen 
978;27.04.2017; Düsseldorfer Str. 62 ;37139; Adelebsen 
596;22.01.2017; Emdener Str. 7 ;90431; Nürnberg 
423;25.07.2017; Guntherstr. 108 ;66126; Saarbrücken 
649;18.03.2017; Westenkamp 8 ;86688; Marxheim 
133;19.11.2017; Soester Str. 186 ;57638; Schöneberg 
876;30.07.2017; Zur Wiese 200 ;79733; Görwihl 
757;19.04.2017; Westenkamp 55 ;21712; Großenwörden 
503;16.09.2017; Deutz-Kalker Str. 102a ;82441; Ohlstadt 
511;27.09.2017; Rosenplatz 124 ;55483; Kappel 
349;06.02.2017; Heinrichstr. 89 ;87660; Irsee 
273;29.04.2017; Jägerstr. A 3 ;88477; Schwendi 
295;17.04.2017; Am Römerhof 188 ;78048; Villingen-Schwenningen 
951;23.01.2017; Breul 72 ;17309; Krugsdorf 
641;09.08.2017; Bohlweg 77 ;73527; Schwäbisch Gmünd 
420;22.08.2017; Dreizehnerstr. 22 ;88416; Erlenmoos 
421;27.08.2017; Deutz-Kalker Str. 38 ;98527; Suhl 
437;07.08.2017; Pötterhoek 193 ;4886; Beilrode 
995;23.04.2017; Immelmannstr. 99a ;56370; Rettert 
3;15.10.2017; Neißestr. 184 ;23881; Koberg 
28;09.04.2017; Manfred-von-Richthofen-Str. 44 ;31246; Lahstedt 
935;10.02.2017; Uhuweg 197 ;17349; Voigtsdorf 
838;15.04.2017; Nauheimer Str. 50 ;53534; Wiesemscheid 
732;22.01.2017; Dahlienweg 163 ;76879; Essingen 
182;21.09.2017; Memmertweg 128 ;57520; Niederdreisbach 
178;08.06.2017; Simon-Meister-Str. 123 ;84565; Oberneukirchen 
31;14.11.2017; Offenbergstr. 119 ;49219; Glandorf 
626;10.08.2017; Magdalenenstr. 65 ;54470; Bernkastel-Kues 
151;10.09.2017; Weseler Str. 183 ;65552; Limburg an der Lahn 
989;24.03.2017; Kriegerweg 63 ;24257; Köhn 
193;29.12.2017; Zum Burgschemm 12 ;34225; Baunatal 
688;28.08.2017; Marderweg 87 ;86657; Bissingen 
727;22.03.2017; Rinscheweg 31a ;6844; Waldersee 
815;15.12.2017; Jakobusstr. 181 ;31185; Söhlde 
614;20.07.2017; Starweg 20 ;56244; Leuterod 
23;15.02.2017; Oscar-Wilde-Str. 198 ;79848; Bonndorf 
432;10.01.2017; Kröver Str. 46 ;24245; Barmissen 
448;18.07.2017; Norbertstr. 5 ;23911; Schmilau 
844;15.06.2017; Wolbecker Str. 134 ;3051; Cottbus 
55;12.05.2017; Stolbergstr. 144 ;83278; Traunstein 
646;16.03.2017; Kanalstr. 27 ;54411; Hermeskeil 
268;14.01.2017; Bernhard-Poether-Str. 53 ;8062; Zwickau 
637;30.04.2017; Westenkamp 132 ;78259; Mühlhausen-Ehingen 
255;26.12.2017; Wildpfad 77 ;56412; Großholbach 
652;02.11.2017; Wollinstr. 111 ;83413; Fridolfing 
659;04.09.2017; Am Oedingteich 75 ;79837; Häusern 
261;17.09.2017; Hindenburgplatz 95 ;67271; Kindenheim 
918;09.10.2017; Am Grauen Stein 121 ;6449; Groß Schierstedt 
311;08.03.2017; Marderweg 42 ;10115; Berlin 
902;10.07.2017; Telgenweg 144 ;63688; Gedern 
269;29.05.2017; Handorfer Str. 16 ;51465; Bergisch Gladbach 
210;26.06.2017; Am Römerhof 185a ;22941; Bargteheide 
10;29.06.2017; Telgenweg 93 ;56357; Niederbachheim 
941;27.07.2017; Werkstattstr. 174 ;54646; Burg 
815;17.10.2017; Geiststr. 38 ;47589; Uedem 
346;19.08.2017; Werseblick 163 ;24238; Martensrade 
908;17.09.2017; Scheibenstr. 33 ;35649; Bischoffen 
222;16.06.2017; Dreizehnerstr. 68 ;74638; Waldenburg 
220;08.11.2017; Röttgensweg 169 ;10557; Berlin 
564;26.12.2017; Mindener Str. 166 ;84184; Tiefenbach 
961;01.10.2017; Soester Str. 38 ;91719; Heidenheim 
649;01.09.2017; Ostmarkstr. 167 ;19063; Schwerin 
595;26.04.2017; Rektoratsweg 2 ;16816; Buskow 
710;24.03.2017; Landoisstr. 168 ;54413; Geisfeld 
728;29.08.2017; Sternstr. 186 ;78598; Königsheim 
463;18.09.2017; Hacklenburg 172 ;68307; Mannheim 
124;11.06.2017; Gasselstiege 23 ;57635; Hasselbach 
813;13.09.2017; Mondstr. 30 ;85129; Oberdolling 
571;24.01.2017; Rüschhausweg 13 ;22929; Rausdorf 
106;05.08.2017; Gescherweg 166 ;41066; Mönchengladbach 
955;07.11.2017; Parkallee 59 ;44801; Bochum 
658;12.07.2017; Enschedeweg 66 ;29339; Wathlingen 
783;12.04.2017; Jakobusstr. 88 ;76199; Karlsruhe 
737;22.12.2017; Havichhorster Mühle 83 ;77784; Oberharmersbach 
203;09.07.2017; Gustav-Tweer-Weg 114 ;97720; Nüdlingen 
598;21.08.2017; Methweg 86 ;80797; München 
383;14.12.2017; Arnheimweg 87 ;65835; Liederbach am Taunus 
519;28.01.2017; Ripenhorst 98 ;31863; Coppenbrügge 
120;21.05.2017; Fresnostr. 164 ;50737; Köln 
237;04.06.2017; Christinastr. 180 ;97456; Dittelbrunn 
937;10.03.2017; Bielefelder Str. 19 ;86856; Hiltenfingen 
813;12.01.2017; Dorbaumstr. 170 ;24250; Warnau 
800;23.03.2017; Straßburger Weg 47 ;27404; Seedorf 
852;10.10.2017; Meckmannweg 81 ;89558; Böhmenkirch 
306;10.05.2017; Dingbängerweg 47 ;54424; Etgert 
151;09.12.2017; Meinertzstr. 112 ;77787; Nordrach 
367;10.02.2017; Hoove 124 ;56858; Liesenich 
905;29.05.2017; Mersmannsstiege 5a ;38162; Cremlingen 
762;26.01.2017; Dammstr. 2 ;24321; Hohwacht 
211;13.06.2017; Elsa-Brändström-Weg 184 ;26847; Detern 
675;27.01.2017; Hacklenburg 182a ;55425; Waldalgesheim 
547;29.05.2017; Innsbruckweg 138 ;44791; Bochum 
257;27.09.2017; Osthuesheide 114a ;97909; Stadtprozelten 
61;24.07.2017; Willingrott 183 ;94548; Innernzell 
829;31.08.2017; Offenbergstr. 46 ;48496; Hopsten 
153;17.06.2017; Starweg 30 ;84171; Baierbach 
983;05.02.2017; Steinfurter Str. 113 ;69502; Hemsbach 
496;28.10.2017; Hogenbergstr. 154 ;37619; Pegestorf 
146;19.12.2017; Rennbahnstr. 114 ;19288; Groß Laasch 
774;19.09.2017; Dahlienweg 170 ;56412; Boden 
84;15.12.2017; Steinfurter Str. 185 ;57629; Merkelbach 
982;13.07.2017; Bünkamp 120 ;17309; Pasewalk 
979;01.09.2017; Münsterstr. 78 ;25727; Frestedt 
431;22.06.2017; Kapellenstr. 83 ;9306; Erlau 
23;08.05.2017; Angelmodder Weg 168 ;25482; Appen 
852;16.10.2017; Rinscheweg 16 ;23738; Riepsdorf 
254;06.06.2017; Friedrich-Ebert-Str. 173a ;89362; Offingen 
917;04.06.2017; Hofstr. 117 ;67725; Börrstadt 
614;27.06.2017; Dachsleite 88 ;30629; Hannover 
781;10.06.2017; Wolbecker Str. 143 ;54570; Betteldorf 
499;02.01.2017; Försterstr. 42 ;64732; Bad König 
738;02.11.2017; Kurze Str. 105 ;65843; Sulzbach 
451;09.11.2017; Skagerrakstr. 157 ;19065; Godern 
827;08.02.2017; Hacklenburg 49 ;38388; Twieflingen 
707;02.11.2017; Gescherweg 56 ;71254; Ditzingen 
399;19.04.2017; Sentmaringer Weg 111 ;89160; Dornstadt 
290;05.07.2017; Rosenplatz 191 ;86519; Wiesenbach 
390;09.06.2017; Straßburger Weg 139 ;55767; Gollenberg 
279;19.03.2017; Zum Burgschemm 62 ;23617; Stockelsdorf 
100;05.10.2017; Am Getterbach 8 ;26427; Neuharlingersiel 
597;26.04.2017; Steinfurter Str. 98 ;73072; Grünbach 
235;19.11.2017; Schützenstr. 193 ;89296; Osterberg 
232;24.04.2017; Gropiusstr. 190 ;72147; Nehren 
71;10.03.2017; Berrischstr. 176 ;63741; Aschaffenburg 
278;19.06.2017; Straßburger Weg 71 ;17111; Schönfeld 
199;03.12.2017; Am Getterbach 113 ;56459; Kaden 
975;25.03.2017; Rennbahnstr. 152 ;31094; Marienhagen 
258;21.01.2017; Heroldstr. 52a ;53498; Gönnersdorf 
175;08.11.2017; Altenhofer Weg 71 ;25596; Nienbüttel 
962;09.11.2017; Hülsebrockstr. 63 ;96161; Gerach 
703;24.02.2017; Friedrich-Ebert-Str. 59 ;66265; Heusweiler 
36;28.02.2017; Wollinstr. 193 ;76779; Scheibenhardt 
833;19.07.2017; Eibenweg 46 ;53121; Bonn 
364;24.05.2017; Im Sonnentau 195 ;84553; Halsbach 
86;06.02.2017; Telemannstr. 171 ;6556; Borxleben 
663;03.03.2017; Hillscheider Weg 185 ;56317; Urbach 
483;12.12.2017; Wildpfad 136 ;29394; Lüder 
146;13.11.2017; Oberschlesier Str. 25a ;6528; Holdenstedt 
295;04.08.2017; Alte Apotheke 56 ;76889; Dörrenbach 
27;24.03.2017; Innsbruckweg 81 ;83071; Stephanskirchen 
799;01.01.2018; Düsseldorfer Str. 174 ;26655; Westerstede 
67;12.12.2017; Theodor-Heuss-Ring 155 ;29358; Eicklingen 
932;07.02.2017; Manfred-von-Richthofen-Str. 192 ;84030; Landshut 
260;15.01.2017; Nauheimer Str. 153 ;27568; Bremerhaven 
516;07.09.2017; Deutz-Kalker Str. 107 ;53902; Bad Münstereifel 
372;05.02.2017; Mindener Str. 119 ;21369; Nahrendorf 
219;18.08.2017; Meesenstiege 70 ;9390; Gornsdorf 
866;28.05.2017; Heisstr. 10 ;17309; Rollwitz 
494;07.01.2017; Hensenstr. 60 ;21769; Armstorf 
517;29.06.2017; Piusallee 40 ;29456; Hitzacker 
805;13.12.2017; Elsa-Brändström-Weg 13 ;24783; Osterrönfeld 
431;15.10.2017; Enschedeweg 26 ;23936; Hanshagen 
533;24.07.2017; Kriegerweg 102 ;4315; Leipzig 
82;28.03.2017; Lammerbach 9 ;91580; Petersaurach 
676;23.11.2017; Böttcherstr. 180 ;76149; Karlsruhe 
260;09.11.2017; Sentmaringer Weg 41 ;37327; Leinefelde-Worbis 
780;07.02.2017; Widdeshover Weg 132 ;21702; Ahlerstedt 
245;15.07.2017; Zur Wiese 65 ;56357; Eschbach 
211;09.02.2017; Emdener Str. 37 ;97528; Sulzdorf an der Lederhecke 
200;15.02.2017; Baumberger Str. 110 ;57614; Woldert 
441;03.09.2017; Deutz-Kalker Str. 140 ;54518; Esch 
938;31.03.2017; Steinkamp 131 ;13437; Wittenau 
131;23.08.2017; Overbergstr. 192 ;87755; Kirchhaslach 
790;16.10.2017; Raesfeldstr. 168 ;82395; Obersöchering 
686;03.11.2017; Stolbergstr. 179 ;10625; Berlin 
373;24.05.2017; Marsweg 114 ;44309; Dortmund 
783;19.03.2017; Am Getterbach 67 ;21514; Roseburg 
277;11.12.2017; Templerweg 122 ;2625; Bolbritz 
358;17.02.2017; Weseler Str. 14 ;59399; Olfen 
818;19.01.2017; Sanddornweg 174 ;85072; Eichstätt 
322;23.11.2017; Schiffahrter Damm 32 ;21407; Deutsch Evern 
860;25.07.2017; Berrischstr. 79 ;59597; Erwitte 
545;21.09.2017; Kriegerweg 98 ;74397; Pfaffenhofen 
528;23.08.2017; Dorotheenstr. 39 ;66869; Blaubach 
328;29.11.2017; Rohrkampstr. 106 ;54298; Eisenach 
668;13.03.2017; Enschedeweg 199 ;44628; Herne 
679;25.05.2017; Rückertstr. 129 ;98528; Suhl 
900;20.11.2017; Mecklenbecker Str. 163 ;31033; Brüggen 
817;10.08.2017; Marientalstr. 94 ;31028; Gronau 
999;25.10.2017; Kapellenstr. 34 ;53604; Bad Honnef 
99;13.05.2017; Zur Gräfte 152 ;97904; Dorfprozelten 
591;01.12.2017; Grevener Str. 2 ;24321; Klamp 
174;14.08.2017; Goldregenweg 57 ;41189; Mönchengladbach 
219;05.11.2017; Skagerrakstr. 110 ;97230; Estenfeld 
992;14.02.2017; Am Grauen Stein 113 ;10319; Berlin 
209;07.10.2017; Deutz-Kalker Str. 102 ;55422; Breitscheid 
472;27.05.2017; Weserstr. 138 ;85356; Freising 
681;12.02.2017; Enschedeweg 77 ;55437; Nieder-Hilbersheim 
452;18.11.2017; Ölbergstr. 16 ;55596; Waldböckelheim 
729;21.02.2017; Manfred-von-Richthofen-Str. 164 ;25853; Drelsdorf 
473;10.11.2017; Am Ziegelofen 1 ;49824; Laar 
380;03.10.2017; Guntherstr. 143 ;4177; Leipzig 
544;16.05.2017; Südstr. 190 ;54649; Niederpierscheid 
799;20.10.2017; Dorbaumstr. 10 ;23719; Glasau 
271;26.02.2017; Erpeler Str. 61a ;76706; Dettenheim 
541;06.10.2017; Zum Burgschemm 151 ;66871; Konken 
85;14.08.2017; Von-Holte-Str. 40 ;38368; Grasleben 
626;15.04.2017; Von-der-Tinnen-Str. 172 ;65553; Limburg an der Lahn 
96;28.12.2017; Olpener Str. 57 ;29582; Hanstedt 
910;27.06.2017; Zum Burgschemm 50 ;99310; Branchewinda 
217;17.03.2017; Ripenhorst 193 ;54497; Horath 
118;01.06.2017; Offerkämpe 86 ;97258; Oberickelsheim 
740;24.09.2017; Hansaring 50 ;57539; Hövels 
184;27.11.2017; Hindenburgplatz 34 ;25795; Stelle-Wittenwurth 
652;10.01.2017; Gartenstr. 195 ;12524; Treptow-Köpenick 
406;22.06.2017; Hansaring 112 ;97907; Hasloch 
550;05.06.2017; Memmertweg 86 ;86856; Hiltenfingen 
304;29.05.2017; Meinertzstr. 114 ;26605; Aurich 
502;10.02.2017; Tondernstr. 179 ;79379; Müllheim 
326;16.05.2017; Papenbusch 156 ;68782; Brühl 
94;02.01.2017; Overbergstr. 37 ;56321; Rhens 
521;24.08.2017; Weißenburgstr. 173 ;53809; Ruppichteroth 
316;07.11.2017; Münzstr. 191 ;53619; Rheinbreitbach 
924;18.06.2017; Dorotheenstr. 22 ;24879; Idstedt 
164;24.06.2017; Rosenplatz 1 ;79263; Simonswald 
648;23.02.2017; Holunderweg 40 ;55483; Horbruch 
303;01.05.2017; Offenbergstr. 19 ;33803; Steinhagen 
93;16.08.2017; Düesbergweg 179 ;91717; Wassertrüdingen 
473;10.04.2017; Hogenbergstr. 113 ;67112; Mutterstadt 
56;09.01.2017; Wormser Str. 90 ;87480; Weitnau 
295;14.11.2017; Pankokstr. 89 ;72631; Aichtal 
865;16.08.2017; Neißestr. 163 ;29392; Wesendorf 
489;22.09.2017; Hofstr. 175 ;23936; Hanshagen 
141;17.06.2017; Franz-Peter-Kürten-Weg 55 ;56368; Niedertiefenbach 
971;26.12.2017; Buldernweg 149 ;36399; Freiensteinau 
917;12.12.2017; Angelmodder Weg 173 ;54673; Koxhausen 
292;19.03.2017; Frauenstr. 42 ;36166; Haunetal 
665;13.11.2017; Am Grauen Stein 117 ;22941; Bargteheide 
364;24.07.2017; Breslauer Str. 188 ;24235; Lutterbek 
55;29.08.2017; An den Weiden 96 ;87499; Wildpoldsried 
969;30.11.2017; Piusallee 165 ;55585; Altenbamberg 
362;05.05.2017; Weseler Str. 92 ;35764; Sinn 
16;30.04.2017; Meinertzstr. 114 ;89173; Lonsee 
73;29.10.2017; Kurneystr. 128 ;34633; Ottrau 
262;12.09.2017; Am Ziegelofen 104 ;66484; Schmitshausen 
884;17.06.2017; Cheruskerstr. 8 ;91757; Treuchtlingen 
331;23.02.2017; Marientalstr. 94 ;36219; Cornberg 
260;12.05.2017; Manfred-von-Richthofen-Str. 92 ;56472; Stockhausen-Illfurth 
431;10.04.2017; Herdingstr. 67 ;56237; Deesen 
873;22.05.2017; Theodor-Heuss-Ring 63 ;37627; Stadtoldendorf 
918;10.07.2017; Hindenburgplatz 38 ;96106; Ebern 
112;27.11.2017; Sentmaringer Weg 81 ;59755; Arnsberg 
712;10.11.2017; Rückertstr. 78 ;21647; Moisburg 
48;19.06.2017; Friedrich-Ebert-Str. 83 ;82291; Mammendorf 
470;15.05.2017; Zur Gräfte 105 ;57632; Eichen 
235;11.05.2017; Hindenburgplatz 184 ;74847; Obrigheim 
442;02.07.2017; Dammstr. 47 ;77796; Mühlenbach 
540;24.10.2017; Gremmendorfer Weg 200 ;94419; Reisbach 
177;26.08.2017; Buldernweg 102 ;93101; Pfakofen 
676;19.11.2017; Franz-Peter-Kürten-Weg 124a ;99986; Oberdorla 
686;02.11.2017; Marderweg 90 ;19077; Sülstorf 
348;21.02.2017; Telemannstr. 62 ;66917; Biedershausen 
689;11.06.2017; Meesenstiege 154a ;59821; Arnsberg 
154;30.08.2017; Papenbusch 60 ;24644; Timmaspe 
306;09.11.2017; Mersmannsstiege 79 ;71543; Wüstenrot 
359;29.06.2017; Unter Kahlenhausen 22 ;97799; Zeitlofs 
78;24.01.2017; Stolbergstr. 45 ;55459; Grolsheim 
14;10.06.2017; Marsweg 180 ;39118; Magdeburg 
616;26.06.2017; Berrischstr. 156 ;49849; Wilsum 
167;31.12.2017; Am Getterbach 42 ;82152; Krailling 
739;20.03.2017; Hindenburgplatz 196 ;56459; Gemünden 
550;03.11.2017; Magdalenenstr. 155 ;54597; Feuerscheid 
967;06.06.2017; Ringelnatzstr. 76 ;77793; Gutach 
637;01.09.2017; Kempener Str. 146 ;30669; Hannover 
113;24.10.2017; Templerweg 192 ;56281; Schwall 
700;18.01.2017; Grevener Str. 102 ;24866; Busdorf 
280;24.05.2017; Rincklakeweg 43 ;66450; Bexbach 
262;13.12.2017; Am Römerhof 84 ;99735; Werther 
869;26.08.2017; Starweg 75 ;63538; Großkrotzenburg 
846;31.01.2017; Äußere Kanalstr. 24 ;33607; Bielefeld 
606;23.05.2017; Templerweg 141 ;97469; Gochsheim 
888;31.01.2017; Ripenhorst 3 ;67822; Kalkofen 
164;04.10.2017; Rottkamp 185 ;21734; Oederquart 
160;30.05.2017; Angelmodder Weg 48 ;91790; Nennslingen 
808;28.07.2017; Heinrichstr. 120 ;3205; Missen 
493;07.09.2017; Gescherweg 57 ;21255; Dohren 
764;19.08.2017; Avendruper Str. 3 ;34320; Söhrewald 
679;12.11.2017; Kanalstr. 179 ;54439; Merzkirchen 
278;23.07.2017; An den Weiden 33 ;97950; Großrinderfeld 
295;01.08.2017; Mindener Str. 60 ;23795; Stipsdorf 
809;22.02.2017; Gescherweg 131 ;75239; Eisingen 
59;02.04.2017; Sporckweg 28 ;28357; Bremen 
885;07.12.2017; Mariendorfer Str. 172 ;73565; Spraitbach 
69;11.01.2017; Straßburger Weg 40 ;29356; Bröckel 
641;14.12.2017; Friedrich-Ebert-Str. 120 ;19065; Raben Steinfeld 
129;03.04.2017; Bielefelder Str. 135 ;21737; Wischhafen 
135;10.03.2017; Meinertzstr. 31 ;78262; Gailingen am Hochrhein 
441;19.02.2017; Dahlweg 179 ;86842; Türkheim 
988;26.08.2017; Gildenstr. 47 ;12249; Berlin 
691;25.11.2017; Ostlandstr. 137 ;47447; Moers 
432;07.09.2017; Zur Wiese 105 ;95028; Hof an der Saale 
394;24.01.2017; Rosenplatz 5 ;29413; Tylsen 
586;01.06.2017; Von-der-Tinnen-Str. 183 ;49477; Ibbenbüren 
376;19.03.2017; Manfred-von-Richthofen-Str. 185 ;74427; Fichtenberg 
765;04.04.2017; An Lyskirchen 186 ;88422; Moosburg 
506;17.06.2017; Steinfurter Str. 92 ;29497; Woltersdorf 
565;01.07.2017; Düesbergweg 9 ;34479; Breuna 
635;23.06.2017; Wolbecker Str. 114 ;27386; Kirchwalsede 
715;03.05.2017; Steinfurter Str. 84 ;91637; Wörnitz 
284;19.07.2017; Dreilinden 178 ;78730; Lauterbach 
530;12.10.2017; Gropiusstr. 18 ;58644; Iserlohn 
1;12.02.2017; Sentmaringer Weg 119 ;69234; Dielheim 
429;28.11.2017; An Lyskirchen 144 ;41065; Mönchengladbach 
734;15.07.2017; Weseler Str. 52 ;72189; Vöhringen 
445;17.03.2017; Cheruskerstr. 35a ;76689; Karlsdorf-Neuthard 
661;16.06.2017; Eulenbergstr. 133 ;54673; Berscheid 
929;08.10.2017; Ölbergstr. 50 ;10777; Berlin 
229;19.07.2017; Weißenburgstr. 28 ;54649; Pintesfeld 
18;10.12.2017; Norbertstr. 177 ;91622; Rügland 
30;24.09.2017; Gropiusstr. 40 ;31717; Nordsehl 
981;07.06.2017; Kempener Str. 13 ;85301; Schweitenkirchen 
880;05.01.2017; Hülsebrockstr. 198 ;93183; Holzheim am Forst 
135;31.05.2017; Am Berler Kamp 192a ;18055; Rostock 
276;15.08.2017; Friedrich-Ebert-Str. 2 ;21255; Königsmoor 
73;20.03.2017; Zum Burgschemm 108 ;9119; Chemnitz 
648;22.01.2017; Zum Guten Hirten 131 ;90596; Schwanstetten 
610;07.08.2017; Wollinstr. 19 ;24114; Kiel 
22;13.08.2017; Düsseldorfer Str. 55 ;6528; Horla 
80;10.11.2017; Zur Wiese 61 ;56564; Neuwied 
882;11.02.2017; Dorbaumstr. 67 ;67806; Bisterschied 
120;22.06.2017; Grevener Str. 15 ;24631; Langwedel 
624;30.01.2017; Marientalstr. 85 ;23815; Geschendorf 
94;17.11.2017; Werkstattstr. 130 ;45711; Datteln 
897;27.11.2017; Dreilinden 119 ;76684; Östringen 
20;04.11.2017; Offenbergstr. 75 ;91744; Weiltingen 
155;10.06.2017; Max-Winkelmann-Str. 112 ;49088; Osnabrück 
300;27.07.2017; Ringelnatzstr. 96 ;71706; Hardthof 
188;10.04.2017; Buldernweg 72 ;56244; Freilingen 
219;07.02.2017; Starweg 181 ;38315; Werlaburgdorf 
182;02.05.2017; Idenbrockplatz 185 ;23684; Scharbeutz 
299;25.12.2017; Von-Holte-Str. 178 ;86574; Petersdorf 
734;20.07.2017; Am Pulverschuppen 11 ;57520; Steinebach 
262;02.05.2017; Rosenplatz 133 ;55442; Roth 
379;27.10.2017; Paul-Engelhard-Weg 16 ;54294; Trier 
384;15.06.2017; Landoisstr. 152 ;7751; Jena 
376;13.06.2017; Altenhofer Weg 185 ;37081; Göttingen 
156;06.07.2017; Schmeddingstr. 181 ;25551; Hohenlockstedt 
492;24.05.2017; Kurze Str. 199 ;30938; Burgwedel 
738;02.08.2017; Kochwiesenstr. 58 ;85309; Pörnbach 
770;20.07.2017; An Lyskirchen 198 ;97959; Assamstadt 
397;05.08.2017; Johann-Krane-Weg 139 ;53947; Nettersheim 
901;23.06.2017; Guntherstr. 148 ;59609; Anröchte 
33;03.07.2017; Telemannstr. 35 ;27419; Groß Meckelsen 
868;03.09.2017; Kochwiesenstr. 113 ;78606; Seitingen-Oberflacht 
581;10.08.2017; Johanniterstr. 172 ;54518; Osann-Monzel 
565;08.09.2017; Johanniterstr. 99 ;25996; Wenningstedt 
797;08.01.2017; Wildpfad 50 ;54457; Wincheringen 
400;07.10.2017; Angelmodder Weg 36 ;55566; Bad Sobernheim 
757;10.08.2017; Düsseldorfer Str. 184 ;56346; Prath 
936;21.10.2017; Raesfeldstr. 187 ;76135; Karlsruhe 
150;04.06.2017; Deutz-Kalker Str. 139 ;95197; Schauenstein 
920;01.03.2017; Försterstr. 146 ;95700; Neusorg 
496;16.11.2017; Am Burloh 77 ;93358; Train 
121;12.11.2017; Horstmarer Landweg 176 ;59609; Anröchte 
429;05.04.2017; Nienkamp 146 ;99310; Arnstadt 
532;08.05.2017; Kappenberger Damm 162 ;37412; Herzberg am Harz 
301;13.01.2017; Kochwiesenstr. 2 ;54340; Bekond 
140;23.01.2017; Dahlweg 7 ;25597; Westermoor 
485;29.12.2017; Ripenhorst 116 ;57638; Schöneberg 
876;15.06.2017; Münsterstr. 57 ;21514; Roseburg 
178;06.03.2017; Sporckweg 19 ;17192; Schloen 
382;02.02.2017; Landoisstr. 3 ;56281; Dörth 
381;23.07.2017; Baumberger Str. 105 ;67061; Ludwigshafen am Rhein 
104;28.12.2017; Marientalstr. 85 ;54472; Veldenz 
155;17.05.2017; Willingrott 74 ;48465; Samern 
779;26.06.2017; Schwalbenweg 107 ;39130; Magdeburg 
301;05.08.2017; Kurze Str. 24 ;91245; Simmelsdorf 
993;14.08.2017; Handorfer Str. 63 ;32469; Wasserstraße 
873;18.06.2017; Sanddornweg 1 ;55767; Gimbweiler 
492;02.04.2017; Westenkamp 185 ;55494; Mörschbach 
843;02.10.2017; Hansaring 45 ;67731; Otterbach 
507;26.01.2017; Neusser Str. 172 ;55758; Schmidthachenbach 
265;27.05.2017; Eifelstr. 114 ;35614; Aßlar 
761;22.06.2017; Goebenstr. 168 ;34121; Kassel 
296;07.03.2017; Beuelsweg 12 ;88348; Allmannsweiler 
257;20.11.2017; Breslauer Str. 148 ;25761; Büsumer Deichhausen 
987;15.02.2017; Guntherstr. 76 ;25938; Utersum 
473;26.01.2017; Gartenstr. 79 ;9217; Burgstädt 
694;08.06.2017; Skagerrakstr. 174 ;57586; Weitefeld 
601;22.05.2017; Schützenstr. 54 ;57580; Fensdorf 
981;18.01.2017; Schwalbenweg 8 ;86745; Hohenaltheim 
422;25.10.2017; Hindenburgplatz 65 ;45307; Essen 
346;24.12.2017; Grevener Str. 2 ;15528; Grünheide 
337;12.09.2017; Von-der-Tinnen-Str. 34 ;55278; Dalheim 
184;11.12.2017; Straßburger Weg 45a ;78655; Dunningen 
943;25.12.2017; Eibenweg 50 ;91487; Vestenbergsgreuth 
906;10.09.2017; Flaßkuhl 190 ;4668; Großbardau 
214;02.12.2017; Meinertzstr. 26 ;76891; Bobenthal 
211;18.07.2017; Rohrkampstr. 181 ;49076; Osnabrück 
73;24.06.2017; Rückertstr. 19 ;97776; Eußenheim 
867;10.01.2017; Zülpicher Str. 35 ;67125; Dannstadt-Schauernheim 
579;26.02.2017; Landoisstr. 94 ;17217; Klein Lukow 
716;24.03.2017; Havichhorster Mühle 176 ;56414; Molsberg 
82;02.07.2017; Am Burloh 161 ;78087; Mönchweiler 
61;24.04.2017; Hensenstr. 147 ;27624; Kührstedt 
729;17.07.2017; Geiststr. 69 ;12109; Berlin 
841;29.12.2017; An den Mühlen 138 ;72213; Altensteig 
818;01.01.2018; Gropiusstr. 98 ;55452; Windesheim 
636;04.02.2017; Augustastr. 56 ;66132; Saarbrücken 
680;12.01.2017; Sentmaringer Weg 32 ;58452; Witten 
792;31.07.2017; Eulenbergstr. 106 ;76887; Oberhausen 
520;16.10.2017; Unter Kahlenhausen 66 ;86869; Oberostendorf 
959;26.11.2017; Klinkkampweg 80 ;73434; Aalen 
535;25.04.2017; Elsa-Brändström-Weg 147 ;25371; Seestermühe 
620;31.01.2017; Lassallestr. 172 ;74632; Neuenstein 
409;05.02.2017; Meesenstiege 176 ;34466; Wolfhagen 
347;07.03.2017; Ossenkampstiege 167 ;13159; Blankenfelde 
842;25.10.2017; Birkenweg 38 ;85570; Markt Schwaben 
326;06.03.2017; Emdener Str. 82 ;24251; Osdorf 
468;14.12.2017; Cheruskerstr. 180 ;53520; Dankerath 
365;07.06.2017; Wolbecker Str. 60 ;49497; Mettingen 
35;10.11.2017; Heisstr. 51 ;25355; Heede 
481;13.02.2017; Hölkenbusch 87 ;56329; Sankt Goar 
575;19.04.2017; Erikahof 178 ;54619; Reiff 
73;25.07.2017; Dahlienweg 190 ;74653; Künzelsau 
475;30.06.2017; Horstmarer Landweg 63 ;94259; Kirchberg 
640;02.05.2017; Piusstr. 186 ;36391; Sinntal 
515;02.06.2017; Meinertzstr. 51 ;54675; Niedergeckler 
870;12.10.2017; Fresnostr. 151 ;86842; Türkheim 
839;20.06.2017; Osthuesheide 90 ;91608; Geslau 
106;27.10.2017; Jakobusstr. 164 ;97647; Sondheim vor der Rhön 
603;09.12.2017; Westenkamp 197 ;93138; Lappersdorf 
307;06.12.2017; Weserstr. 84 ;72589; Westerheim 
567;05.09.2017; Bernhard-Poether-Str. 116 ;6803; Greppin 
516;23.12.2017; An Lyskirchen 44 ;93474; Arrach 
21;04.01.2017; Sentmaringer Weg 94 ;56651; Brenk 
31;10.11.2017; Gasselstiege 192 ;66894; Käshofen 
873;03.02.2017; Telemannstr. 21 ;95500; Heinersreuth 
103;15.05.2017; Schiffahrter Damm 142 ;76135; Karlsruhe 
811;09.07.2017; Pötterhoek 149 ;14641; Retzow 
737;23.12.2017; Theodor-Heuss-Ring 17 ;82223; Eichenau 
784;30.06.2017; Am Dornbusch 156 ;97941; Tauberbischofsheim 
217;05.03.2017; Herdingstr. 135 ;64839; Münster 
145;17.03.2017; Wolbecker Str. 108 ;37691; Derental 
477;07.03.2017; Salzmannstr. 44 ;24806; Sophienhamm 
703;17.10.2017; Düsseldorfer Str. 112 ;6917; Jessen 
